<?xml version="1.0" encoding="UTF-8"?>
<jcr:root xmlns:cq="http://www.day.com/jcr/cq/1.0" xmlns:jcr="http://www.jcp.org/jcr/1.0" xmlns:nt="http://www.jcp.org/jcr/nt/1.0"
    jcr:primaryType="cq:Dialog"
    activeTab="{Long}0"
    helpPath="en/cq/current/wcm/default_components.html#Image"
    xtype="tabpanel">
    <items jcr:primaryType="cq:WidgetCollection">
        <advanced
            jcr:primaryType="cq:Widget"
            title="Advanced"
            xtype="panel">
            <items jcr:primaryType="cq:WidgetCollection">
                <title
                    jcr:primaryType="cq:Widget"
                    fieldLabel="Title"
                    name="./jcr:title"
                    xtype="textfield"/>
                <alt
                    jcr:primaryType="cq:Widget"
                    fieldDescription="(leave empty to use the title defined above)"
                    fieldLabel="Alt Text"
                    name="./alt"
                    xtype="textfield"/>
                <linkURL
                    jcr:primaryType="cq:Widget"
                    fieldDescription="Drop files or pages from the Content Finder"
                    fieldLabel="Button URL"
                    name="./ButtonURL"
                    xtype="pathfield"/>
                <buttontext
                    jcr:primaryType="cq:Widget"
                    fieldLabel="button text"
                    name="./buttontext"
                    xtype="textfield"/>
                <hideCurrentTitle
                    jcr:primaryType="cq:Widget"
                    fieldLabel="Hide Display Button"
                    inputValue="true"
                    name="./hideDisplayButton"
                    type="checkbox"
                    xtype="selection"/>
                <alignment
                    jcr:primaryType="cq:Widget"
                    defaultValue="left"
                    fieldDescription="Image alignment position"
                    fieldLabel="Alignment"
                    name="./alignment"
                    type="select"
                    xtype="selection">
                    <options jcr:primaryType="cq:WidgetCollection">
                        <left
                            jcr:primaryType="nt:unstructured"
                            text="Left"
                            value="left"/>
                        <center
                            jcr:primaryType="nt:unstructured"
                            text="Center"
                            value="center"/>
                        <right
                            jcr:primaryType="nt:unstructured"
                            text="Right"
                            value="right"/>
                    </options>
                </alignment>
            </items>
        </advanced>
        <image
            jcr:primaryType="cq:Widget"
            cropParameter="./imageCrop"
            ddGroups="[media]"
            fileNameParameter="./fileName"
            fileReferenceParameter="./fileReference"
            mapParameter="./imageMap"
            name="./file"
            requestSuffix=".img.png"
            rotateParameter="./imageRotate"
            title="Image"
            xtype="html5smartimage"/>
    </items>
</jcr:root>
